{
  "baseline_curve": [
    0.147841,
    0.147841,
    0.147841,
    0.147841,
    0.147841
  ],
  "trained_curve": [
    0.074733,
    0.068487,
    0.068754,
    0.068764,
    0.068764
  ],
  "epochs": 5
}