{
  "loss_curve": [
    0.127483,
    0.117284,
    0.107085,
    0.096887,
    0.086688
  ],
  "epochs": 5
}