{
  "baseline_curve": [
    0.127483,
    0.127483,
    0.127483,
    0.127483,
    0.127483
  ],
  "trained_curve": [
    0.053064,
    0.048106,
    0.048107,
    0.048107,
    0.048107
  ],
  "epochs": 5
}