{
  "baseline_curve": [
    0.560648,
    0.560648,
    0.560648,
    0.560648,
    0.560648
  ],
  "trained_curve": [
    0.375521,
    0.37584,
    0.375854,
    0.375854,
    0.375854
  ],
  "epochs": 5
}