{
  "lossCurve": [
    0.8205701192399489,
    0.823766402797589,
    0.8259918800850133,
    0.827530799272639,
    0.8285901473456239,
    0.8293171828316867,
    0.829815157823357,
    0.8301557937699093,
    0.8303886053629702,
    0.8305476378664949,
    0.8306562371617815,
    0.8307303837482459,
    0.8307810036761417,
    0.8308155615910803,
    0.8308391549206281,
    0.8308552636107022,
    0.8308662630278815,
    0.8308737744764781,
    0.8308789045823627,
    0.830882408711846,
    0.8308848025056528,
    0.830886437992335,
    0.8308875555280052,
    0.8308883192406594,
    0.8308888412192182,
    0.830889198022744,
    0.8308894419492637,
    0.830889608728442,
    0.8308897227736521,
    0.8308898007681762,
    0.8308898541142424,
    0.830889890605712,
    0.8308899155706394,
    0.8308899326518482,
    0.8308899443402633,
    0.830889952339358,
    0.8308899578142191,
    0.8308899615618147,
    0.8308899641273492,
    0.8308899658838517,
    0.8308899670865717,
    0.8308899679101857,
    0.8308899684742487,
    0.8308899688605917,
    0.8308899691252355,
    0.8308899693065325,
    0.8308899694307442,
    0.8308899695158526,
    0.8308899695741734,
    0.8308899696141393
  ],
  "epochs": 50
}