{
  "lossCurve": [
    2.142961904849073,
    2.1468368332242127,
    2.1496190308060545,
    2.151592329034535,
    2.1529808497770855,
    2.153952765492002,
    2.1546306584361603,
    2.1551023191959815,
    2.1554299238183097,
    2.155657188317964,
    2.1558147008384005,
    2.155923793507975,
    2.155999309341014,
    2.1560515594587093,
    2.1560876983412687,
    2.156112685834266,
    2.156129958023119,
    2.156141894079109,
    2.1561501406291987,
    2.1561558368784843,
    2.156159770719349,
    2.1561624869123333,
    2.15616436201358,
    2.156165656247593,
    2.1561665494054654,
    2.156167165679748,
    2.1561675908404045,
    2.1561678841106118,
    2.1561680863758093,
    2.156168225856813,
    2.156168322029528,
    2.1561683883326106,
    2.1561684340374963,
    2.1561684655396753,
    2.1561684872501523,
    2.156168502210812,
    2.1561685125191006,
    2.1561685196210645,
    2.1561685245135327,
    2.1561685278835774,
    2.156168530204742,
    2.1561685318033295,
    2.156168532904187,
    2.1561685336622225,
    2.156168534184157,
    2.156168534543497,
    2.156168534790879,
    2.1561685349611723,
    2.1561685350783892,
    2.156168535159073
  ],
  "epochs": 50
}