{
  "runId": "paper26-real-slice-001",
  "epoch": 3,
  "weights": {
    "W1": [
      -0.05269298702478409,
      0.2913014590740204,
      -0.2926667332649231,
      -0.17630381882190704,
      -0.07053336501121521,
      0.21796779334545135,
      -0.17793363332748413,
      0.30671223998069763,
      0.2089448869228363,
      -0.12315402925014496,
      -0.06249131262302399,
      -0.14194251596927643,
      -0.30331704020500183,
      -0.14578601717948914,
      0.005747408606112003,
      -0.3003438115119934,
      -0.12217071652412415,
      -0.10102210938930511,
      -0.20092642307281494,
      0.019286785274744034,
      0.043193086981773376,
      -0.15887027978897095,
      0.15748365223407745,
      -0.11739197373390198,
      -0.15850569307804108,
      -0.1364557296037674,
      -0.059452034533023834,
      -0.19590787589550018,
      0.031215164810419083,
      -0.1792306900024414,
      -0.11991437524557114,
      0.10879357904195786,
      0.05843913182616234,
      -0.013600800186395645,
      0.022433076053857803,
      -0.24080485105514526,
      0.09955406934022903,
      0.07663686573505402,
      -0.2568485140800476,
      -0.152969092130661,
      0.18687786161899567,
      -0.1196826696395874,
      -0.011701207607984543,
      0.2967122495174408,
      -0.05487760528922081,
      -0.07586361467838287,
      -0.03496035933494568,
      -0.011415977962315083,
      0.09490374475717545,
      0.12748591601848602,
      0.26860228180885315,
      -0.08339134603738785,
      0.0806092917919159,
      0.25151124596595764,
      -0.07506094127893448,
      0.29881173372268677,
      0.2520681917667389,
      -0.2194357067346573,
      0.2847824990749359,
      -0.20676371455192566,
      0.11128614842891693,
      0.09198466688394547,
      -0.2300512045621872,
      0.07062266767024994,
      0.10500755906105042,
      -0.08840061724185944,
      0.3132745325565338,
      0.1794782131910324,
      0.05550462380051613,
      -0.12378833442926407,
      -0.3100224733352661,
      0.08236995339393616,
      0.1292179524898529,
      -0.07276895642280579,
      -0.24756669998168945,
      0.012699155136942863,
      0.281698077917099,
      -0.01915697753429413,
      0.02274109050631523,
      0.16808539628982544,
      -0.03248874470591545,
      -0.0682464987039566,
      0.014288198202848434,
      -0.2774977684020996,
      0.06188669055700302,
      0.26530101895332336,
      0.29149121046066284,
      -0.010480042546987534,
      0.2446189522743225,
      0.2836552858352661,
      0.024473784491419792,
      0.2832809090614319,
      -0.19866985082626343,
      -0.03568853810429573,
      -0.2947021722793579,
      -0.15228725969791412,
      -0.16397805511951447,
      0.24300441145896912,
      0.14172467589378357,
      -0.22352275252342224,
      -0.012682546861469746,
      -0.1664416491985321,
      -0.24565990269184113,
      0.2691771984100342,
      -0.024794399738311768,
      0.13686735928058624,
      -0.04954245314002037,
      0.11165732890367508,
      0.019371245056390762,
      0.22390635311603546,
      0.04582919552922249,
      -0.265750527381897,
      0.020407697185873985,
      0.08575118333101273,
      0.045728590339422226,
      -0.12690682709217072,
      0.08314432948827744,
      0.14383475482463837,
      0.029673030599951744,
      0.03443130478262901,
      0.05979163199663162,
      -0.2817426025867462,
      0.22110022604465485,
      -0.14501599967479706,
      -0.25654682517051697,
      -0.16009443998336792,
      0.2893278896808624,
      0.2850620448589325,
      0.23575665056705475,
      0.1388586163520813,
      -0.2484833151102066,
      -0.2181716114282608,
      0.21345923840999603,
      -0.06174560263752937,
      0.23555926978588104,
      -0.16810347139835358,
      -0.04933738335967064,
      -0.07312382757663727,
      -0.2288113534450531,
      0.1279691755771637,
      0.18070943653583527,
      0.3093823492527008,
      -0.2074219137430191,
      -0.06769967079162598,
      0.11624708026647568,
      -0.28686413168907166,
      0.15702027082443237,
      0.1819337159395218,
      -0.26348677277565,
      -0.07884058356285095,
      0.016908450052142143,
      -0.21612627804279327,
      0.22481262683868408,
      0.1553691029548645,
      -0.2280435562133789,
      -0.0549643337726593,
      -0.24045446515083313,
      0.2098618745803833,
      0.11916432529687881,
      0.18207049369812012,
      -0.27098244428634644,
      0.26937028765678406,
      0.06824985146522522,
      0.17213879525661469,
      -0.0840468555688858,
      -0.047411467880010605,
      -0.2568870186805725,
      0.2603343427181244,
      -0.06446328014135361,
      -0.08935639262199402,
      0.03399312496185303,
      -0.07787301391363144,
      -0.2968465983867645,
      -0.017733929678797722,
      0.1774696707725525,
      -0.038136400282382965,
      0.08803705871105194,
      0.08198395371437073,
      0.19167067110538483,
      -0.1599973440170288,
      0.007503033149987459,
      0.03648880496621132,
      0.07323485612869263,
      0.021082252264022827,
      0.28857868909835815,
      -0.19791913032531738,
      -0.1626579612493515,
      -0.21358630061149597,
      0.1161927729845047,
      -0.2431521862745285,
      0.21305125951766968,
      0.08727283030748367,
      -0.1267581433057785,
      0.28688961267471313,
      0.16956743597984314,
      0.3014422357082367,
      0.3026564121246338,
      0.04401633143424988,
      0.2562813460826874,
      0.05001544952392578,
      0.09635702520608902,
      -0.0000745462384657003,
      0.026509257033467293,
      0.31318846344947815,
      -0.13379423320293427,
      -0.2910528779029846,
      0.10891597718000412,
      0.13924427330493927,
      -0.2608610689640045,
      0.17760270833969116,
      0.04259774833917618,
      -0.05447245389223099,
      0.11272428929805756,
      0.06929250061511993,
      0.22621409595012665,
      -0.20007868111133575,
      0.08656805008649826,
      -0.04141397401690483,
      0.04582833871245384,
      0.20311687886714935,
      0.259764701128006,
      -0.2177080661058426,
      0.21561846137046814,
      -0.23148351907730103,
      0.2988537847995758,
      0.09081973135471344,
      -0.18502113223075867,
      0.166110098361969,
      0.18007177114486694,
      0.15270467102527618,
      0.16713574528694153,
      -0.2381727695465088,
      0.2537785470485687,
      0.0373026579618454,
      0.03446921333670616,
      -0.08350090682506561,
      -0.1357576698064804,
      0.044754233211278915,
      0.28399232029914856,
      0.00006000922076054849,
      0.10817869007587433,
      -0.1351921409368515,
      0.2845856249332428,
      -0.29074856638908386,
      0.02971062809228897,
      0.004206892102956772,
      0.0784769356250763,
      0.2396179586648941,
      -0.25915974378585815,
      -0.04146353900432587,
      -0.24083048105239868,
      -0.18456827104091644,
      0.08132637292146683,
      -0.22080470621585846,
      0.29524797201156616,
      0.11032819747924805,
      0,
      0,
      0,
      0,
      0,
      0,
      0,
      0,
      0,
      0,
      0,
      0,
      0,
      0,
      0,
      0,
      0,
      0,
      0,
      0,
      0,
      0,
      0,
      0,
      0,
      0,
      0,
      0,
      0,
      0,
      0,
      0,
      0,
      0,
      0,
      0,
      0,
      0,
      0,
      0,
      0,
      0,
      0,
      0,
      0,
      0,
      0,
      0,
      0,
      0,
      0,
      0,
      0,
      0,
      0,
      0,
      0,
      0,
      0,
      0,
      0,
      0,
      0,
      0
    ],
    "b1": [
      0,
      0,
      0,
      0,
      0,
      0,
      0,
      0,
      0,
      0,
      0,
      0,
      0,
      0,
      0,
      0
    ],